feature,importance
grid,0.5985690809756532
age,0.08430308577991581
constructorId_1,0.06527024413621607
constructorId_6,0.04571071847726167
round,0.033725778683497985
constructorId_3,0.02389788459450079
constructorId_18,0.02192474558915274
constructorId_15,0.018943398038598697
constructorId_21,0.016217056628970446
constructorId_9,0.0094164834343579
constructorId_37,0.006244804833622092
constructorId_17,0.0058734972839156584
constructorId_7,0.005486436031792741
constructorId_16,0.0054414808733689
constructorId_172,0.004255190660205818
constructorId_33,0.00406700531668271
constructorId_27,0.0037831064494620657
constructorId_63,0.003457093017106414
constructorId_5,0.002889749459654827
constructorId_29,0.002495730557481151
constructorId_196,0.0023345567636825107
constructorId_4,0.002148199404860729
constructorId_19,0.0020390592956709055
constructorId_45,0.0019952397336647615
constructorId_10,0.001983977118708642
constructorId_20,0.0017241501651106025
constructorId_58,0.0016989032498221784
constructorId_35,0.0015906829221399707
constructorId_118,0.0014400063714774041
constructorId_26,0.0013361061850959205
constructorId_56,0.0011486110900983074
constructorId_22,0.00109491556202625
constructorId_54,0.0010210245674415145
constructorId_11,0.001005493983544834
constructorId_57,0.0009990560741537453
constructorId_25,0.000979264399970422
constructorId_23,0.0009172233539864981
constructorId_105,0.0009065955495101189
constructorId_8,0.0007635245218246346
constructorId_164,0.0007163856876316004
constructorId_32,0.0006137150233558036
constructorId_2,0.0005629287668994307
constructorId_154,0.0005156497668283682
constructorId_170,0.0004724720760663152
constructorId_180,0.000455251218830207
constructorId_191,0.00045335390362857657
constructorId_131,0.0004411564405665722
constructorId_51,0.0004334539252936908
constructorId_108,0.00043159761504537567
constructorId_114,0.0003975495489505748
constructorId_34,0.0003626095762148421
constructorId_59,0.0003545309826124188
constructorId_113,0.0003454378094808879
constructorId_182,0.0003394844893315535
constructorId_82,0.0003379198476483495
constructorId_128,0.0003348449290005982
constructorId_205,0.0003180174426857883
constructorId_187,0.000301366515426229
constructorId_53,0.0002968088479873858
constructorId_24,0.0002516468838335586
constructorId_167,0.0002412466813657639
constructorId_107,0.00020804978579244064
constructorId_49,0.00014844225200963407
constructorId_204,0.00014838714793745432
constructorId_176,0.00014664122866792992
constructorId_66,0.00012914268651908245
constructorId_87,0.0001290724404039413
constructorId_67,0.0001236292331330926
constructorId_125,9.444205352470148e-05
constructorId_31,9.335412200307721e-05
constructorId_95,9.167938358238005e-05
constructorId_183,8.938298301253195e-05
constructorId_202,6.829773740702033e-05
constructorId_166,6.41965841058359e-05
constructorId_64,6.04383393873013e-05
constructorId_181,4.561722776248178e-05
constructorId_207,4.1339264770150925e-05
constructorId_208,3.96809691013446e-05
constructorId_132,3.717971135073566e-05
constructorId_200,3.442572670223713e-05
constructorId_39,3.21525045523904e-05
constructorId_133,2.1018360217098186e-05
constructorId_28,1.5214171939432058e-05
constructorId_190,1.0921490913180623e-05
constructorId_189,9.294858795393553e-06
constructorId_127,8.092821416488386e-06
constructorId_12,7.948957772531956e-06
constructorId_206,7.060816372614296e-06
constructorId_150,6.830308468303285e-06
constructorId_138,4.7011934633637385e-06
constructorId_73,3.8515269594033964e-06
constructorId_144,2.458469584784441e-06
constructorId_75,4.6652948018445937e-07
constructorId_38,0.0
constructorId_30,0.0
constructorId_36,0.0
constructorId_14,0.0
constructorId_13,0.0
constructorId_46,0.0
constructorId_44,0.0
constructorId_42,0.0
constructorId_40,0.0
constructorId_50,0.0
constructorId_52,0.0
constructorId_55,0.0
constructorId_76,0.0
constructorId_72,0.0
constructorId_68,0.0
constructorId_70,0.0
constructorId_62,0.0
constructorId_60,0.0
constructorId_65,0.0
constructorId_41,0.0
constructorId_48,0.0
constructorId_110,0.0
constructorId_109,0.0
constructorId_106,0.0
constructorId_104,0.0
constructorId_100,0.0
constructorId_101,0.0
constructorId_102,0.0
constructorId_111,0.0
constructorId_94,0.0
constructorId_91,0.0
constructorId_90,0.0
constructorId_99,0.0
constructorId_92,0.0
constructorId_79,0.0
constructorId_77,0.0
constructorId_84,0.0
constructorId_85,0.0
constructorId_86,0.0
constructorId_89,0.0
constructorId_80,0.0
constructorId_81,0.0
constructorId_83,0.0
constructorId_78,0.0
constructorId_145,0.0
constructorId_143,0.0
constructorId_142,0.0
constructorId_141,0.0
constructorId_139,0.0
constructorId_140,0.0
constructorId_135,0.0
constructorId_136,0.0
constructorId_130,0.0
constructorId_129,0.0
constructorId_134,0.0
constructorId_120,0.0
constructorId_124,0.0
constructorId_122,0.0
constructorId_121,0.0
constructorId_126,0.0
constructorId_112,0.0
constructorId_115,0.0
constructorId_117,0.0
constructorId_119,0.0
constructorId_116,0.0
constructorId_96,0.0
constructorId_97,0.0
constructorId_98,0.0
constructorId_162,0.0
constructorId_161,0.0
constructorId_146,0.0
constructorId_147,0.0
constructorId_149,0.0
constructorId_148,0.0
constructorId_151,0.0
constructorId_152,0.0
constructorId_178,0.0
constructorId_173,0.0
constructorId_174,0.0
constructorId_175,0.0
constructorId_163,0.0
constructorId_168,0.0
constructorId_169,0.0
constructorId_171,0.0
constructorId_155,0.0
constructorId_156,0.0
constructorId_157,0.0
constructorId_158,0.0
constructorId_159,0.0
constructorId_160,0.0
constructorId_188,0.0
constructorId_184,0.0
constructorId_198,0.0
constructorId_197,0.0
constructorId_195,0.0
constructorId_194,0.0
constructorId_192,0.0
constructorId_193,0.0
constructorId_185,0.0
constructorId_199,0.0
constructorId_203,0.0
constructorId_201,0.0
constructorId_209,0.0
constructorId_210,0.0
constructorId_211,0.0
constructorId_213,0.0
constructorId_214,0.0
constructorId_215,0.0
