variable,coeficiente,odds_ratio,abs_coeficiente,interpretacion_odds
grid,-2.612247,0.073370,2.612247,x0.07 (reduce)
constructorId_15,-0.723314,0.485142,0.723314,x0.49 (reduce)
constructorId_21,-0.649728,0.522188,0.649728,x0.52 (reduce)
constructorId_7,-0.644823,0.524755,0.644823,x0.52 (reduce)
constructorId_1,0.606960,1.834845,0.606960,x1.83
constructorId_6,0.593779,1.810818,0.593779,x1.81
constructorId_16,-0.568517,0.566365,0.568517,x0.57 (reduce)
constructorId_18,-0.542243,0.581442,0.542243,x0.58 (reduce)
constructorId_63,-0.438544,0.644975,0.438544,x0.64 (reduce)
constructorId_3,0.418704,1.519990,0.418704,x1.52
constructorId_10,-0.414902,0.660405,0.414902,x0.66 (reduce)
constructorId_19,-0.412604,0.661925,0.412604,x0.66 (reduce)
constructorId_20,-0.390665,0.676607,0.390665,x0.68 (reduce)
constructorId_32,0.385684,1.470620,0.385684,x1.47
constructorId_25,0.375792,1.456145,0.375792,x1.46
constructorId_26,-0.371716,0.689550,0.371716,x0.69 (reduce)
constructorId_128,-0.367348,0.692568,0.367348,x0.69 (reduce)
constructorId_29,-0.342180,0.710220,0.342180,x0.71 (reduce)
constructorId_82,-0.330783,0.718361,0.330783,x0.72 (reduce)
constructorId_33,-0.327010,0.721076,0.327010,x0.72 (reduce)
constructorId_154,-0.326211,0.721653,0.326211,x0.72 (reduce)
constructorId_35,-0.318257,0.727416,0.318257,x0.73 (reduce)
constructorId_53,-0.314361,0.730255,0.314361,x0.73 (reduce)
constructorId_54,-0.294292,0.745059,0.294292,x0.75 (reduce)
constructorId_22,0.289229,1.335397,0.289229,x1.34
constructorId_56,-0.288029,0.749740,0.288029,x0.75 (reduce)
constructorId_4,0.287971,1.333719,0.287971,x1.33
constructorId_204,-0.284182,0.752629,0.284182,x0.75 (reduce)
constructorId_34,0.279199,1.322071,0.279199,x1.32
constructorId_57,-0.279158,0.756421,0.279158,x0.76 (reduce)
constructorId_27,0.273427,1.314461,0.273427,x1.31
constructorId_172,0.270731,1.310922,0.270731,x1.31
constructorId_125,-0.243760,0.783676,0.243760,x0.78 (reduce)
constructorId_9,0.235965,1.266130,0.235965,x1.27
constructorId_113,0.234806,1.264663,0.234806,x1.26
constructorId_66,0.223197,1.250067,0.223197,x1.25
constructorId_202,-0.222960,0.800147,0.222960,x0.80 (reduce)
constructorId_45,-0.220273,0.802299,0.220273,x0.80 (reduce)
constructorId_170,0.216150,1.241289,0.216150,x1.24
constructorId_58,0.209045,1.232501,0.209045,x1.23
constructorId_200,-0.203528,0.815848,0.203528,x0.82 (reduce)
constructorId_80,-0.203012,0.816268,0.203012,x0.82 (reduce)
constructorId_41,-0.200913,0.817984,0.200913,x0.82 (reduce)
constructorId_59,0.187422,1.206136,0.187422,x1.21
constructorId_133,-0.175704,0.838866,0.175704,x0.84 (reduce)
constructorId_110,-0.173496,0.840721,0.173496,x0.84 (reduce)
constructorId_181,-0.168883,0.844607,0.168883,x0.84 (reduce)
constructorId_11,0.166608,1.181291,0.166608,x1.18
constructorId_8,-0.162657,0.849883,0.162657,x0.85 (reduce)
constructorId_37,0.161309,1.175048,0.161309,x1.18
age,0.156990,1.169984,0.156990,x1.17
constructorId_87,0.156357,1.169244,0.156357,x1.17
constructorId_180,0.156064,1.168901,0.156064,x1.17
constructorId_132,-0.155625,0.855880,0.155625,x0.86 (reduce)
constructorId_51,0.154639,1.167237,0.154639,x1.17
constructorId_73,-0.153245,0.857920,0.153245,x0.86 (reduce)
constructorId_108,0.152008,1.164169,0.152008,x1.16
constructorId_141,-0.150885,0.859947,0.150885,x0.86 (reduce)
constructorId_24,0.148294,1.159854,0.148294,x1.16
constructorId_49,-0.142450,0.867231,0.142450,x0.87 (reduce)
constructorId_205,-0.141147,0.868362,0.141147,x0.87 (reduce)
constructorId_129,-0.140317,0.869083,0.140317,x0.87 (reduce)
constructorId_187,0.139933,1.150197,0.139933,x1.15
constructorId_196,0.137586,1.147501,0.137586,x1.15
constructorId_189,-0.137194,0.871801,0.137194,x0.87 (reduce)
constructorId_118,0.133799,1.143163,0.133799,x1.14
constructorId_105,0.132336,1.141491,0.132336,x1.14
constructorId_195,-0.132017,0.876326,0.132017,x0.88 (reduce)
constructorId_191,0.129410,1.138157,0.129410,x1.14
constructorId_194,-0.129258,0.878747,0.129258,x0.88 (reduce)
constructorId_94,-0.128787,0.879162,0.128787,x0.88 (reduce)
constructorId_117,-0.128192,0.879685,0.128192,x0.88 (reduce)
constructorId_39,-0.124738,0.882728,0.124738,x0.88 (reduce)
constructorId_150,-0.121145,0.885906,0.121145,x0.89 (reduce)
constructorId_75,-0.119037,0.887775,0.119037,x0.89 (reduce)
constructorId_114,0.115586,1.122531,0.115586,x1.12
constructorId_144,-0.112948,0.893197,0.112948,x0.89 (reduce)
constructorId_17,0.108786,1.114924,0.108786,x1.11
constructorId_23,0.106181,1.112023,0.106181,x1.11
constructorId_55,-0.105294,0.900060,0.105294,x0.90 (reduce)
constructorId_131,0.101001,1.106278,0.101001,x1.11
constructorId_151,-0.098979,0.905762,0.098979,x0.91 (reduce)
constructorId_48,-0.098069,0.906587,0.098069,x0.91 (reduce)
constructorId_5,0.096644,1.101469,0.096644,x1.10
constructorId_167,0.096100,1.100869,0.096100,x1.10
constructorId_166,-0.095318,0.909084,0.095318,x0.91 (reduce)
constructorId_116,-0.094470,0.909855,0.094470,x0.91 (reduce)
constructorId_95,0.094424,1.099026,0.094424,x1.10
constructorId_207,-0.093247,0.910969,0.093247,x0.91 (reduce)
constructorId_13,-0.093095,0.911107,0.093095,x0.91 (reduce)
constructorId_36,-0.091588,0.912481,0.091588,x0.91 (reduce)
constructorId_171,-0.089979,0.913951,0.089979,x0.91 (reduce)
constructorId_50,-0.088554,0.915253,0.088554,x0.92 (reduce)
constructorId_46,-0.088217,0.915562,0.088217,x0.92 (reduce)
constructorId_109,-0.087066,0.916616,0.087066,x0.92 (reduce)
constructorId_138,-0.086881,0.916786,0.086881,x0.92 (reduce)
constructorId_164,-0.086459,0.917173,0.086459,x0.92 (reduce)
constructorId_111,-0.083307,0.920069,0.083307,x0.92 (reduce)
constructorId_107,0.081998,1.085454,0.081998,x1.09
constructorId_64,0.081045,1.084420,0.081045,x1.08
constructorId_86,-0.077573,0.925360,0.077573,x0.93 (reduce)
constructorId_67,0.077048,1.080094,0.077048,x1.08
constructorId_148,-0.070615,0.931820,0.070615,x0.93 (reduce)
constructorId_176,0.070237,1.072763,0.070237,x1.07
constructorId_52,-0.070012,0.932383,0.070012,x0.93 (reduce)
constructorId_28,-0.065190,0.936890,0.065190,x0.94 (reduce)
constructorId_101,-0.064204,0.937814,0.064204,x0.94 (reduce)
constructorId_31,-0.062946,0.938994,0.062946,x0.94 (reduce)
constructorId_206,-0.062631,0.939290,0.062631,x0.94 (reduce)
constructorId_147,-0.062604,0.939316,0.062604,x0.94 (reduce)
constructorId_182,0.061519,1.063451,0.061519,x1.06
constructorId_127,-0.060817,0.940995,0.060817,x0.94 (reduce)
constructorId_12,-0.060408,0.941380,0.060408,x0.94 (reduce)
constructorId_126,-0.058109,0.943547,0.058109,x0.94 (reduce)
constructorId_119,-0.056505,0.945061,0.056505,x0.95 (reduce)
constructorId_44,-0.055953,0.945584,0.055953,x0.95 (reduce)
constructorId_199,-0.055936,0.945600,0.055936,x0.95 (reduce)
constructorId_81,-0.054628,0.946837,0.054628,x0.95 (reduce)
constructorId_198,-0.052893,0.948482,0.052893,x0.95 (reduce)
constructorId_30,-0.052572,0.948786,0.052572,x0.95 (reduce)
constructorId_72,-0.048284,0.952863,0.048284,x0.95 (reduce)
constructorId_42,-0.048047,0.953089,0.048047,x0.95 (reduce)
constructorId_136,-0.046717,0.954358,0.046717,x0.95 (reduce)
constructorId_183,0.046037,1.047113,0.046037,x1.05
constructorId_208,0.045437,1.046485,0.045437,x1.05
constructorId_14,-0.043143,0.957774,0.043143,x0.96 (reduce)
constructorId_139,-0.041874,0.958990,0.041874,x0.96 (reduce)
constructorId_135,-0.041534,0.959317,0.041534,x0.96 (reduce)
constructorId_89,-0.041269,0.959571,0.041269,x0.96 (reduce)
constructorId_70,-0.040941,0.959886,0.040941,x0.96 (reduce)
constructorId_92,-0.038848,0.961897,0.038848,x0.96 (reduce)
constructorId_106,-0.036161,0.964485,0.036161,x0.96 (reduce)
constructorId_169,-0.035213,0.965400,0.035213,x0.97 (reduce)
constructorId_203,-0.034028,0.966545,0.034028,x0.97 (reduce)
constructorId_190,0.033248,1.033807,0.033248,x1.03
constructorId_149,-0.030693,0.969774,0.030693,x0.97 (reduce)
constructorId_104,-0.030433,0.970026,0.030433,x0.97 (reduce)
constructorId_40,-0.030173,0.970278,0.030173,x0.97 (reduce)
constructorId_115,-0.029687,0.970750,0.029687,x0.97 (reduce)
constructorId_152,-0.028322,0.972076,0.028322,x0.97 (reduce)
constructorId_65,-0.027588,0.972789,0.027588,x0.97 (reduce)
constructorId_161,-0.027555,0.972821,0.027555,x0.97 (reduce)
constructorId_60,-0.027404,0.972968,0.027404,x0.97 (reduce)
constructorId_156,-0.026573,0.973777,0.026573,x0.97 (reduce)
constructorId_184,-0.025834,0.974497,0.025834,x0.97 (reduce)
constructorId_99,-0.025723,0.974605,0.025723,x0.97 (reduce)
constructorId_188,-0.024984,0.975326,0.024984,x0.98 (reduce)
constructorId_201,-0.023645,0.976633,0.023645,x0.98 (reduce)
constructorId_168,-0.023480,0.976794,0.023480,x0.98 (reduce)
constructorId_77,-0.023400,0.976872,0.023400,x0.98 (reduce)
constructorId_97,-0.023026,0.977237,0.023026,x0.98 (reduce)
constructorId_68,-0.022777,0.977480,0.022777,x0.98 (reduce)
constructorId_178,-0.020471,0.979737,0.020471,x0.98 (reduce)
constructorId_102,-0.020252,0.979952,0.020252,x0.98 (reduce)
constructorId_197,-0.019273,0.980911,0.019273,x0.98 (reduce)
constructorId_79,-0.017761,0.982396,0.017761,x0.98 (reduce)
constructorId_130,-0.017597,0.982557,0.017597,x0.98 (reduce)
constructorId_192,-0.016896,0.983246,0.016896,x0.98 (reduce)
constructorId_124,-0.016728,0.983411,0.016728,x0.98 (reduce)
constructorId_91,-0.016195,0.983935,0.016195,x0.98 (reduce)
constructorId_155,0.016119,1.016249,0.016119,x1.02
constructorId_143,0.015448,1.015568,0.015448,x1.02
constructorId_78,-0.014768,0.985340,0.014768,x0.99 (reduce)
constructorId_185,-0.014702,0.985406,0.014702,x0.99 (reduce)
constructorId_96,-0.014521,0.985584,0.014521,x0.99 (reduce)
constructorId_175,-0.013871,0.986225,0.013871,x0.99 (reduce)
constructorId_157,0.013644,1.013738,0.013644,x1.01
constructorId_121,0.012725,1.012806,0.012725,x1.01
constructorId_140,-0.012360,0.987716,0.012360,x0.99 (reduce)
constructorId_112,-0.012229,0.987845,0.012229,x0.99 (reduce)
constructorId_193,-0.011860,0.988211,0.011860,x0.99 (reduce)
constructorId_98,-0.011700,0.988368,0.011700,x0.99 (reduce)
constructorId_122,0.011647,1.011715,0.011647,x1.01
constructorId_173,0.011468,1.011534,0.011468,x1.01
constructorId_159,0.011282,1.011346,0.011282,x1.01
constructorId_162,-0.010232,0.989820,0.010232,x0.99 (reduce)
constructorId_163,-0.009086,0.990955,0.009086,x0.99 (reduce)
constructorId_85,-0.008853,0.991186,0.008853,x0.99 (reduce)
constructorId_160,0.008571,1.008607,0.008571,x1.01
constructorId_158,0.008155,1.008188,0.008155,x1.01
round,-0.007547,0.992481,0.007547,x0.99 (reduce)
constructorId_62,-0.006944,0.993081,0.006944,x0.99 (reduce)
constructorId_142,-0.006061,0.993957,0.006061,x0.99 (reduce)
constructorId_174,0.005733,1.005749,0.005733,x1.01
constructorId_90,-0.004781,0.995230,0.004781,x1.00 (reduce)
constructorId_146,-0.004521,0.995489,0.004521,x1.00 (reduce)
constructorId_145,-0.004161,0.995847,0.004161,x1.00 (reduce)
constructorId_2,-0.002465,0.997538,0.002465,x1.00 (reduce)
constructorId_83,0.002162,1.002164,0.002162,x1.00
constructorId_38,0.001420,1.001421,0.001420,x1.00
constructorId_76,0.001334,1.001335,0.001334,x1.00
constructorId_134,0.000959,1.000960,0.000959,x1.00
constructorId_120,-0.000325,0.999675,0.000325,x1.00 (reduce)
constructorId_100,-0.000050,0.999950,0.000050,x1.00 (reduce)
constructorId_84,-0.000032,0.999968,0.000032,x1.00 (reduce)
constructorId_209,0.000000,1.000000,0.000000,x1.00
constructorId_210,0.000000,1.000000,0.000000,x1.00
constructorId_211,0.000000,1.000000,0.000000,x1.00
constructorId_213,0.000000,1.000000,0.000000,x1.00
constructorId_214,0.000000,1.000000,0.000000,x1.00
constructorId_215,0.000000,1.000000,0.000000,x1.00
