feature,coefficient,abs_coefficient
grid,-0.05554334695151312,0.05554334695151312
constructorId_1,0.011879566083122173,0.011879566083122173
nationality_German,0.010377780925854348,0.010377780925854348
constructorId_7,-0.007393477085624589,0.007393477085624589
constructorId_15,-0.007284611909820967,0.007284611909820967
constructorId_2,-0.0067928176040699785,0.0067928176040699785
constructorId_16,-0.006473884602768257,0.006473884602768257
constructorId_6,0.006472819004701681,0.006472819004701681
year,-0.006376697609027471,0.006376697609027471
constructorId_17,-0.006373597208728968,0.006373597208728968
constructorId_196,0.006321455726947909,0.006321455726947909
nationality_Argentine,0.006202183337475707,0.006202183337475707
nationality_New Zealander,-0.005880423617673341,0.005880423617673341
constructorId_172,0.005595753328866658,0.005595753328866658
nationality_Italian,-0.005365769753769357,0.005365769753769357
nationality_Brazilian,0.005238302331093789,0.005238302331093789
constructorId_23,0.005108756068470212,0.005108756068470212
nationality_Spanish,0.005037572107484368,0.005037572107484368
age,0.004988613549726717,0.004988613549726717
constructorId_34,-0.004457445475538804,0.004457445475538804
nationality_American,-0.0044316365993280074,0.0044316365993280074
constructorId_105,-0.004418260159452953,0.004418260159452953
constructorId_9,0.004273786292030454,0.004273786292030454
nationality_French,-0.004253757821107495,0.004253757821107495
constructorId_19,-0.004046074321135184,0.004046074321135184
constructorId_45,0.0040252124773640305,0.0040252124773640305
constructorId_204,-0.004016052209701584,0.004016052209701584
raceId,-0.003983960703259493,0.003983960703259493
constructorId_108,0.003830100697448046,0.003830100697448046
constructorId_131,-0.0037020691865982227,0.0037020691865982227
nationality_Swiss,-0.0035704308054927223,0.0035704308054927223
constructorId_11,-0.003211342400754244,0.003211342400754244
constructorId_24,-0.003142194758183284,0.003142194758183284
constructorId_10,-0.003015274683051984,0.003015274683051984
constructorId_154,-0.0029775641741148083,0.0029775641741148083
constructorId_3,0.0029650414010090427,0.0029650414010090427
constructorId_118,0.002955274061260233,0.002955274061260233
constructorId_128,-0.002896748892808559,0.002896748892808559
nationality_Colombian,-0.0028755104372745373,0.0028755104372745373
constructorId_22,-0.0027612775551641264,0.0027612775551641264
constructorId_107,0.0027504956061897125,0.0027504956061897125
constructorId_164,0.0027052524757256845,0.0027052524757256845
nationality_Canadian,0.002656004103615454,0.002656004103615454
nationality_Swedish,-0.002600629780021584,0.002600629780021584
constructorId_183,-0.0025157967083530245,0.0025157967083530245
constructorId_30,0.002441717762000478,0.002441717762000478
constructorId_202,-0.0023762148221080784,0.0023762148221080784
constructorId_66,-0.002374212274861556,0.002374212274861556
constructorId_31,0.002319943314313154,0.002319943314313154
constructorId_82,-0.0022097120112838683,0.0022097120112838683
constructorId_191,0.0021792269645995134,0.0021792269645995134
constructorId_113,0.0021486219129710823,0.0021486219129710823
constructorId_39,0.002126627035847393,0.002126627035847393
nationality_Finnish,-0.0020927526906599206,0.0020927526906599206
constructorId_50,0.0020308464914660347,0.0020308464914660347
constructorId_55,0.001997688362696335,0.001997688362696335
constructorId_132,-0.001982487902400955,0.001982487902400955
constructorId_20,-0.0019523234799939618,0.0019523234799939618
constructorId_21,-0.0019459569147377038,0.0019459569147377038
constructorId_32,0.0019220405854685923,0.0019220405854685923
constructorId_205,0.0019076088850658252,0.0019076088850658252
constructorId_95,-0.0018843976577828559,0.0018843976577828559
constructorId_63,-0.0018759955986762445,0.0018759955986762445
constructorId_4,-0.001837402616278494,0.001837402616278494
constructorId_134,0.001731155674767477,0.001731155674767477
constructorId_53,-0.0017307606726438883,0.0017307606726438883
constructorId_54,-0.0016728711235830616,0.0016728711235830616
constructorId_114,0.0016305126534195248,0.0016305126534195248
constructorId_28,0.0015839469013263045,0.0015839469013263045
constructorId_18,0.0015807163032890885,0.0015807163032890885
constructorId_94,-0.0015352826092516843,0.0015352826092516843
constructorId_52,0.001531387987792524,0.001531387987792524
constructorId_25,0.0015217538287975604,0.0015217538287975604
nationality_Chilean,0.0015187282020657378,0.0015187282020657378
constructorId_207,0.001510423130077517,0.001510423130077517
constructorId_46,0.0014853644720134059,0.0014853644720134059
constructorId_206,0.0014578978381491504,0.0014578978381491504
nationality_Belgian,-0.0013917145153913004,0.0013917145153913004
constructorId_166,0.0013650344779705154,0.0013650344779705154
nationality_Danish,0.0013598367253852463,0.0013598367253852463
constructorId_33,0.0013173810185687146,0.0013173810185687146
constructorId_189,-0.0012991795370737023,0.0012991795370737023
constructorId_167,-0.0012626414741793517,0.0012626414741793517
nationality_Indian,0.0012581088142203556,0.0012581088142203556
constructorId_42,0.0012506577680741317,0.0012506577680741317
constructorId_81,0.0011827143367303824,0.0011827143367303824
constructorId_151,-0.0011532175736930226,0.0011532175736930226
constructorId_60,0.0011490640407866442,0.0011490640407866442
constructorId_36,0.0011403636682855208,0.0011403636682855208
constructorId_125,-0.0011046355031437013,0.0011046355031437013
nationality_British,0.0010929267841176139,0.0010929267841176139
constructorId_120,0.0010863959004643181,0.0010863959004643181
nationality_Dutch,0.0010792826879376422,0.0010792826879376422
constructorId_56,-0.001057777439594898,0.001057777439594898
constructorId_180,0.001045382926773143,0.001045382926773143
nationality_Austrian,-0.0010426813967031436,0.0010426813967031436
nationality_Portuguese,0.0010178997501933587,0.0010178997501933587
constructorId_41,-0.001007670934354989,0.001007670934354989
constructorId_139,0.0009972607318739733,0.0009972607318739733
constructorId_155,0.0009946288803762957,0.0009946288803762957
constructorId_117,-0.0009821879340830915,0.0009821879340830915
constructorId_111,0.0009796193911532456,0.0009796193911532456
constructorId_176,-0.0009715159911217544,0.0009715159911217544
constructorId_59,0.0009713728066288447,0.0009713728066288447
constructorId_138,-0.0009501055867001492,0.0009501055867001492
constructorId_143,0.0009456299279185463,0.0009456299279185463
constructorId_174,0.0009411871896387277,0.0009411871896387277
constructorId_73,-0.0009134678472891922,0.0009134678472891922
constructorId_208,-0.0009099847268902016,0.0009099847268902016
constructorId_44,0.0008962926781270048,0.0008962926781270048
constructorId_133,-0.0008891064591936572,0.0008891064591936572
constructorId_141,-0.0008858950749262612,0.0008858950749262612
constructorId_150,-0.0008800233518466397,0.0008800233518466397
constructorId_157,0.0008743263137165844,0.0008743263137165844
constructorId_57,0.0008502354448776091,0.0008502354448776091
nationality_Liechtensteiner,0.0008391714742997762,0.0008391714742997762
constructorId_8,0.000828139972834388,0.000828139972834388
constructorId_181,-0.0008187249460769421,0.0008187249460769421
constructorId_121,0.0008149344948506761,0.0008149344948506761
nationality_Rhodesian,-0.0008120773527221115,0.0008120773527221115
constructorId_40,0.0007935750871705032,0.0007935750871705032
constructorId_29,-0.0007916371690039766,0.0007916371690039766
constructorId_122,0.0007882884999419503,0.0007882884999419503
constructorId_80,0.0007866213630140866,0.0007866213630140866
constructorId_144,-0.0007855330346848005,0.0007855330346848005
constructorId_159,0.0007816419959858322,0.0007816419959858322
constructorId_173,0.0007785259278282016,0.0007785259278282016
constructorId_76,0.000746182748489009,0.000746182748489009
constructorId_37,-0.0007389613720849,0.0007389613720849
constructorId_87,-0.0007343307628825163,0.0007343307628825163
constructorId_78,0.0007324637154754068,0.0007324637154754068
constructorId_160,0.0007234969920548394,0.0007234969920548394
constructorId_145,0.0007173649140708406,0.0007173649140708406
constructorId_148,-0.0007100762225732102,0.0007100762225732102
nationality_Russian,-0.0007005933864709271,0.0007005933864709271
nationality_Uruguayan,0.0006987970127515218,0.0006987970127515218
constructorId_199,0.0006963325805555748,0.0006963325805555748
nationality_Argentine-Italian,-0.0006910997551864313,0.0006910997551864313
nationality_Malaysian,0.0006895868440836017,0.0006895868440836017
constructorId_49,0.0006854325766943161,0.0006854325766943161
constructorId_158,0.0006799422712672411,0.0006799422712672411
nationality_South African,-0.0006613448123475403,0.0006613448123475403
constructorId_65,0.0006566168284803126,0.0006566168284803126
constructorId_85,0.000646934347280578,0.000646934347280578
nationality_Australian,0.0006289084823294221,0.0006289084823294221
constructorId_195,-0.0006272756977861195,0.0006272756977861195
round,0.0006035932968519444,0.0006035932968519444
nationality_Thai,-0.0006018870314100076,0.0006018870314100076
constructorId_35,0.0005938276112714238,0.0005938276112714238
constructorId_77,0.0005850471787340347,0.0005850471787340347
nationality_Czech,0.000558913525818161,0.000558913525818161
constructorId_83,0.0005503543401074845,0.0005503543401074845
constructorId_126,-0.0005336329431469096,0.0005336329431469096
constructorId_112,0.0005284730946882928,0.0005284730946882928
constructorId_84,0.0005072790369141499,0.0005072790369141499
constructorId_182,-0.00047175684081839217,0.00047175684081839217
nationality_American-Italian,-0.00047168866128295336,0.00047168866128295336
constructorId_100,0.00046791377304486557,0.00046791377304486557
constructorId_187,0.0004649269994997122,0.0004649269994997122
constructorId_67,0.0004566775872365354,0.0004566775872365354
constructorId_149,0.00045581199824967723,0.00045581199824967723
nationality_Polish,0.0004520162122727831,0.0004520162122727831
constructorId_175,0.000445120825444147,0.000445120825444147
constructorId_86,-0.00044425160313026437,0.00044425160313026437
constructorId_147,-0.0004297657388104899,0.0004297657388104899
nationality_Japanese,-0.00041945912944253184,0.00041945912944253184
constructorId_12,0.0004119168610388158,0.0004119168610388158
constructorId_51,-0.000404432843189255,0.000404432843189255
nationality_Hungarian,0.00040415062912635045,0.00040415062912635045
constructorId_72,-0.0004008775039719124,0.0004008775039719124
constructorId_190,-0.0003926130321822009,0.0003926130321822009
constructorId_142,0.0003833414377328693,0.0003833414377328693
constructorId_170,0.0003624393686641542,0.0003624393686641542
constructorId_106,0.0003568919880754969,0.0003568919880754969
constructorId_116,0.00034939868197730786,0.00034939868197730786
constructorId_79,0.0003488313929909286,0.0003488313929909286
constructorId_27,-0.0003432259272384661,0.0003432259272384661
constructorId_136,-0.0003391605132640797,0.0003391605132640797
constructorId_92,0.00032981378190670907,0.00032981378190670907
constructorId_13,-0.00031894156006454216,0.00031894156006454216
constructorId_38,0.00031778891209114713,0.00031778891209114713
constructorId_75,-0.00031337801603165344,0.00031337801603165344
constructorId_193,0.0003122913740713631,0.0003122913740713631
constructorId_64,0.00031099116677609927,0.00031099116677609927
constructorId_70,0.0003108600722989338,0.0003108600722989338
nationality_East German,0.00030915875875348747,0.00030915875875348747
constructorId_192,0.0003020210505601839,0.0003020210505601839
constructorId_58,-0.0003004711478139569,0.0003004711478139569
constructorId_62,0.0002906622816437421,0.0002906622816437421
constructorId_109,-0.0002879493774033525,0.0002879493774033525
constructorId_90,0.00028710108764338604,0.00028710108764338604
constructorId_97,0.0002813807911489708,0.0002813807911489708
constructorId_194,-0.0002723983838658708,0.0002723983838658708
constructorId_162,0.0002562385748260558,0.0002562385748260558
constructorId_168,0.0002437800696306865,0.0002437800696306865
constructorId_163,0.00024299351946894377,0.00024299351946894377
constructorId_185,0.00024202552394834032,0.00024202552394834032
constructorId_135,0.0002317386003509109,0.0002317386003509109
nationality_Monegasque,0.0002309374752316937,0.0002309374752316937
constructorId_129,0.00022924737552311187,0.00022924737552311187
constructorId_127,-0.00022477477600454454,0.00022477477600454454
constructorId_101,-0.0002137802085330953,0.0002137802085330953
constructorId_203,-0.0002049862181502595,0.0002049862181502595
constructorId_152,-0.00019786848253868156,0.00019786848253868156
constructorId_99,0.0001916715938080403,0.0001916715938080403
constructorId_140,-0.00018811804083572676,0.00018811804083572676
constructorId_115,0.00018459948488478187,0.00018459948488478187
constructorId_201,0.00018367071182277762,0.00018367071182277762
constructorId_198,-0.00018305102709445108,0.00018305102709445108
constructorId_171,-0.00018025848233265484,0.00018025848233265484
nationality_Mexican,-0.00016703070232804412,0.00016703070232804412
constructorId_169,-0.0001627232395843306,0.0001627232395843306
constructorId_5,-0.00016102723687366066,0.00016102723687366066
constructorId_68,0.00015271512792410083,0.00015271512792410083
constructorId_124,-0.00014333804792557338,0.00014333804792557338
constructorId_197,-0.00010601013485991292,0.00010601013485991292
constructorId_119,-0.00010549745802682997,0.00010549745802682997
constructorId_184,-0.00010382165566943762,0.00010382165566943762
constructorId_110,-9.914675258714672e-05,9.914675258714672e-05
constructorId_178,-8.256350893705912e-05,8.256350893705912e-05
constructorId_48,-7.294215423701931e-05,7.294215423701931e-05
constructorId_96,-7.078361953107687e-05,7.078361953107687e-05
constructorId_156,7.074205835922213e-05,7.074205835922213e-05
constructorId_200,-6.243149713724885e-05,6.243149713724885e-05
constructorId_98,-5.2091578120613e-05,5.2091578120613e-05
constructorId_89,4.88000748750236e-05,4.88000748750236e-05
constructorId_188,4.705748226091293e-05,4.705748226091293e-05
constructorId_104,-4.3749324153419646e-05,4.3749324153419646e-05
nationality_Venezuelan,4.3049568994969496e-05,4.3049568994969496e-05
constructorId_26,3.9671029999403806e-05,3.9671029999403806e-05
constructorId_102,2.509561459268538e-05,2.509561459268538e-05
constructorId_130,2.0541497806193354e-05,2.0541497806193354e-05
nationality_Irish,1.677380844120925e-05,1.677380844120925e-05
constructorId_161,-1.4170042903827607e-05,1.4170042903827607e-05
constructorId_14,1.4131409876377756e-05,1.4131409876377756e-05
constructorId_91,-1.357161563430285e-05,1.357161563430285e-05
constructorId_146,9.132331859196041e-06,9.132331859196041e-06
nationality_Chinese,-2.42861286636753e-17,2.42861286636753e-17
nationality_Indonesian,-1.5612511283791264e-17,1.5612511283791264e-17
nationality_Argentinian ,-8.239936510889834e-18,8.239936510889834e-18
constructorId_209,0.0,0.0
constructorId_210,0.0,0.0
constructorId_211,0.0,0.0
constructorId_213,0.0,0.0
constructorId_214,0.0,0.0
constructorId_215,0.0,0.0
